<?xml version="1.0" encoding="UTF-8"?>
<obd>
	<status>
	  <cpu>
			<processor>IMX6ULL</processor>
			<clock_speed>560MHz</clock_speed>
			<ddr3>512MB</ddr3>
			<nand>1024MB</nand>
	  </cpu>
	  
	  <io>
		<ain>AIN STATUS</ain>
		<ignition_pin>Pin Status</ignition_pin>  
	  </io>
	  
	  <gsm_gprs>
		<sim_status>NO SIM FOUD</sim_status>
		<network_status>LINK IS UP</network_status>
	  </gsm_gprs>
	  
	  <software>
		<linux_version>4.15.0-36-generic</linux_version>
	  </software>
	  
	</status>
	
	<sim_config>
		<apn_name>airtel.gors.com</apn_name>
		<access_point>#91*********</access_point>
		<password_required>0</password_required>
		<sim_username>admin</sim_username>
		<sim_password>*******</sim_password>
		<mode>1</mode>
		<flight_mode>0</flight_mode>
	</sim_config>
	
	<cloud_config>
		<cloud_azure>
			<host>azure-devices.net</host>
			<port>443</port>
			<device_id>861107031590434</device_id>
			<device_type>SERA_TELTONIKA_DEVICE</device_type>
			<iot_hub_name>SerasiSit-Neptune-IoTHub</iot_hub_name>
			<sas_token>SharedAccessSignature sr=SerasiSit-Neptune-IoTHub.azure-devices.net&amp;sig=Os%2F1ZZWE2y0ZwCTgNfVpCz0ZzVy1SDNUtfF%2F5EemvBY%3D&amp;se=1565182494&amp;skn=iothubowner</sas_token>
		</cloud_azure>
	</cloud_config>

	<settings>
		<general>
			<mode>1</mode>
			<sampling_frequency>10</sampling_frequency>
			<can_sign>10</can_sign>
			
		</general>
		
		<threshold>
			<harsh_brake>
				<source>0</source>
				<threshold>15</threshold>
			</harsh_brake>
			<harsh_acceleration>
				<source>0</source>
				<threshold>15</threshold>
			</harsh_acceleration>
			<crash>
				<source>0</source>
				<threshold>20</threshold>
			</crash>
			<harsh>
				<source>1</source>
				<threshold>40</threshold>
			</harsh>
			<overspeed>
				<source>1</source>
				<threshold>40</threshold>
				<duration>4</duration>
			</overspeed>
			<odometer>
				<base_value>100</base_value>
			</odometer>
			<idle>
				<threshold>120</threshold>
			</idle>
			<over_temp>
				<threshold>25</threshold>
			</over_temp>
			<rpm>
				<threshold>2000</threshold>				
			</rpm>
			<fatige>
				<threshold>180</threshold>
			</fatige>
		</threshold>
		
		<io>
			<ain1>
				<source>1</source>
			</ain1>
			<din1>
				<source>1</source>
			</din1>
			<din2>
				<source>0</source>
			</din2>
			<dout1>
				<source>0</source>
			</dout1>
			<dout2>
				<source>1</source>
			</dout2>
		</io>
	</settings>
	
	<firmware>
		<file_system>file</file_system>
		<cloud>AWS</cloud>
    </firmware>
    
    <black_box>
		<file_name>file</file_name>
    </black_box>

    <mode_1>
		<pid1>0C</pid1>
    		<pid2>0D</pid2>
		<pid3>04</pid3>
		<pid4>31</pid4>
		<pid5>46</pid5>
		<pid6>10</pid6>
    		<pid7>05</pid7>
		<pid8>1F</pid8>
		<pid9>2F</pid9>
		<pid10>5A</pid10>
    </mode_1>

    <immobilizer>
		<whitelist>
			<value1>7777777707</value1>
			<value2>7777777717</value2>
			<value3>7777777727</value3>
			<value4>7777777737</value4>
			<value5>7777777747</value5>
			<value6>7777777757</value6>
			<value7>7777777767</value7>
			<value8>7777777777</value8>
			<value9>7777777787</value9>
			<value10>777777797</value10>
		</whitelist>
    </immobilizer>
    <login>
		<user_id>usr1</user_id>
		<password>pwd_1</password>
    </login>

</obd>
